Category	ID	Title (or Source)	Verbose ID	Core-F_logP	Core-M_logP	All-M_logP	All-F_logP	Core-F_GeneSet	Core-M_GeneSet	All-M_GeneSet	All-F_GeneSet
Pathway	1270001	Metabolism of lipids and lipoproteins	Pathway_1270001_Metabolism of lipids and lipoproteins	10.0	10.0	10.0	10.0	ABCC3,ACOT7,ACSL1,AGMO,ALB,ANGPTL3,ANGPTL8,APOE,BAAT,BHMT,BMP1,CBR1,CYP1A1,ELOVL2,ELOVL6,ETNK1,FABP1,GDPD1,GPAT3,HACL1,HAO2,HPGD,HSD17B14,ORMDL3,PLBD1,SCD,SPTLC3,TMEM86B	AACS,ACAT1,ACBD4,ACOT12,ACOX1,ACOX3,ACSM3,AGPS,ALDH3A2,AMACR,APOA4,ARSB,ARSG,CD36,CHDH,CHPT1,CROT,CYP4B1,CYP7B1,DEGS2,ENPP6,EPHX2,ETNPPL,GGT1,GLB1,GPX1,HACD2,HSD11B1,HSD17B11,HSD17B2,IDI1,ME1,MOGAT1,MVD,NEU1,NR1H4,NUDT19,PCTP,PDSS1,PECR,PHYH,PI4KA,PLEKHA8,PPT2,PRKD3,PTGR1,RGL1,SGPP1,SLC10A1,SRD5A1,UGT8	AACS,ABHD3,ACADS,ACAT1,ACBD4,ACOT12,ACOX1,ACOX3,ACSM3,AGPS,AKR1D1,ALAS1,ALDH3A2,AMACR,ANGPTL4,APOA4,ARSB,ARSG,CD36,CHDH,CHPT1,CPT2,CROT,CYP27A1,CYP4B1,CYP7B1,DEGS2,EHHADH,ENPP6,EPHX2,ETNPPL,FAAH,FAR1,FDX1,GDE1,GGT1,GLB1,GPX1,HACD2,HMGCS1,HSD11B1,HSD17B11,HSD17B2,HSD3B2,IDI1,LBR,LPIN1,LPL,ME1,MED21,MED28,MFSD2A,MOGAT1,MVD,NEU1,NR1H4,NUDT19,OSBPL9,PCTP,PCYT2,PDSS1,PECR,PHYH,PI4KA,PLEKHA8,PPT2,PRKD3,PSAP,PTGR1,RGL1,SEC24A,SGPP1,SLC10A1,SLC27A2,SLC44A4,SMPD2,SPTLC2,SRD5A1,SRD5A2,STARD10,TIAM2,TXNRD1,UGCG,UGT8	ABCA1,ABCC1,ABCC3,ACACA,ACACB,ACOT7,ACSL1,ACSL5,AGMO,AGPAT2,ALB,ALDH3B2,ANGPTL3,ANGPTL8,APOC1,APOE,B3GALNT1,BAAT,BHMT,BMP1,CAV1,CBR1,CERS4,CIDEC,CYP1A1,CYP39A1,ELOVL2,ELOVL6,ESYT1,ETNK1,FABP1,FABP4,FABP5,FASN,FYN,GDPD1,GDPD3,GPAT3,HACD4,HACL1,HAO2,HPGD,HSD17B14,INSIG1,LDLR,LIPE,LTC4S,MBOAT2,MGLL,ORMDL3,PLA2G4A,PLA2G5,PLAAT3,PLBD1,PLIN1,PLTP,PNPLA2,PNPLA3,PNPLA7,PON3,PPARG,PPARGC1A,PTGDS,PTGES,PTGS1,SCD,SCD5,SH3KBP1,SLC27A1,SLC44A1,SPTLC3,TBXAS1,THRSP,TMEM86B
Pathway	132956	Metabolic pathways	Pathway_132956_Metabolic pathways	0.0	10.0	10.0	4.336576372075204		AASS,ACAT1,ACOX1,ACOX3,ACSM2B,ACSM3,ACSS2,ADH1A,AGPS,ALDH3A2,AMACR,ARSB,CBS,CHDH,CHPT1,CNDP1,CNDP2,COASY,CPOX,CSAD,CSGALNACT1,CYCS,CYP2E1,DEGS2,DGKG,EPHX2,ETNPPL,FTCD,GALNS,GALNT1,GALNT14,GGT1,GLB1,GPT,GUSB,HSD11B1,HSD17B2,HYKK,IDI1,IDO2,KYAT1,LAMA3,LAP3,ME1,MVD,NAT2,ODC1,PANK1,PI4KA,PIPOX,PPT2,SHMT2,TREH,TST,UGT8,UPP2	AASS,ACADS,ACAT1,ACMSD,ACOX1,ACOX3,ACSM2B,ACSM3,ACSS2,ADH1A,AFMID,AGPS,AGXT2,AHCY,AK2,AKR1A1,AKR1D1,ALAS1,ALDH3A2,ALDH9A1,ALG3,AMACR,ARSB,ATP5F1D,B3GALNT2,B4GALT1,BCAT1,BHMT2,CBS,CDA,CHDH,CHPT1,CHSY1,CMAS,CNDP1,CNDP2,COASY,COMT,CPOX,CSAD,CSGALNACT1,CTPS1,CYCS,CYP27A1,CYP2E1,DAO,DEGS2,DGKG,DHFR,DHRS4,EHHADH,EPHX2,ETNPPL,FAH,FTCD,GALNS,GALNT1,GALNT14,GALNT3,GCLC,GCLM,GCNT2,GGT1,GLB1,GLS,GLYCTK,GPT,GRHPR,GSS,GUSB,HAAO,HMGCS1,HMOX1,HSD11B1,HSD17B2,HSD3B2,HYI,HYKK,IDI1,IDO2,INPP5B,KYAT1,LAMA3,LAP3,LDHA,LPIN1,MAN1A1,ME1,MVD,NADK,NAT2,NFS1,NME1,NT5C3A,NT5E,NUDT12,ODC1,PANK1,PCYT2,PI4KA,PIGA,PIPOX,PNP,POLE4,PPCS,PPT2,QPRT,RDH10,RRM2B,SHMT2,SLC33A1,SMPD2,SPR,SPTLC2,ST3GAL3,ST8SIA1,TPK1,TREH,TRIT1,TST,UAP1,UGCG,UGT8,UPP2,UQCRFS1,XYLB	AADAT,ACACA,ACACB,ACSL1,ACSL5,ACSM1,AGPAT2,AK7,ALDH18A1,ALDH1A1,ALDH1A2,ALDH1B1,ALDH3A1,ALDH3B2,ALDOC,AMDHD1,AMPD3,AMY1C,ARG2,B3GALNT1,BAAT,BCAT2,BHMT,CBR1,CERS4,COX6B2,CYP1A1,DDC,DHRS3,ETNK1,FASN,FBP2,FOLH1,GAL3ST1,GFPT2,GGT6,GLUL,GPAT3,HAO2,HDC,HK2,HPD,IMPA2,KYAT3,KYNU,LARGE2,LTC4S,MAOA,MAOB,MBOAT2,MGAT4A,MGLL,NNMT,NT5C3B,OAT,PAFAH1B3,PAPSS2,PDXK,PKM,PLA2G4A,PLA2G5,PLA2G7,PLAAT3,PLCB4,PLCE1,PNPLA2,PNPLA3,PON3,PRODH2,PTGDS,PTGES,PTGS1,PYGB,PYGL,PYGM,RDH11,RDH16,RRM1,SHMT1,SPTLC3,ST3GAL2,ST6GALNAC6,TBXAS1,TKT,UGT1A10,UROC1,XDH
Pathway	1270189	Biological oxidations	Pathway_1270189_Biological oxidations	2.759697675051528	4.878250593927204	10.0	3.5616860153885397	ALDH1B1,CYP1A1,GSTA2,GSTA4,GSTA5,GSTO1,MAOA,MGST1	ACSM2B,ACSS2,ACY3,ADH1A,CNDP2,CYB5R3,CYP2E1,CYP4B1,CYP7B1,GGCT,GGT1,NAT2,NR1H4,TPMT	ACSM2B,ACSS2,ACY3,ADH1A,AHCY,AKR1A1,AKR7A2,CHAC2,CNDP2,COMT,CYB5B,CYB5R3,CYP27A1,CYP2E1,CYP4B1,CYP7B1,FDX1,GCLC,GCLM,GGCT,GGT1,GSS,HSP90AB1,NAT2,NR1H4,TPMT,TRMT112,UGT3A1,UGT3A2	ACSM1,ALDH1A1,ALDH1B1,ALDH3A1,CYP1A1,CYP2F1,CYP39A1,CYP4V2,EPHX1,GGT6,GSTA2,GSTA4,GSTA5,GSTM2,GSTO1,MAOA,MAOB,MGST1,MGST3,NNMT,PAPSS2,PTGS1,TBXAS1
Pathway	M39428	Nuclear Receptors Meta-Pathway	Pathway_M39428_Nuclear Receptors Meta-Pathway	10.0	0.0	5.70877544820519	5.068236212566246	ABCB1,ABCC3,BAAT,CBR1,CYP1A1,EPB41L4B,FABP1,GSTA2,GSTA4,GSTA5,MGST1,MYOF,SCD,SLC39A5,SLC5A6,TGFB2		ABCC2,ACOX1,ALAS1,ANGPTL4,CPT2,DNAJB1,EGR1,EHHADH,ESR1,FKBP5,FTH1,GCLC,GCLM,GGT1,HBEGF,HMOX1,HSP90AA1,HSP90AB1,ME1,MYC,NR1H4,NRG1,PLK2,PTGR1,SLC10A1,SLC39A11,SLC39A14,SLC5A8,SLC6A15,SLC6A9,SQSTM1,TXNRD1	ABCB1,ABCC3,ABCC4,ALDH3A1,BAAT,CAVIN2,CBR1,CYP1A1,EPB41L4B,FABP1,FASN,GSTA2,GSTA4,GSTA5,GSTM2,IGFBP1,MGST1,MGST3,MYOF,PLTP,PPARGC1A,SCD,SLC27A1,SLC39A5,SLC5A12,SLC5A6,SLC6A17,SLC6A4,SNAI2,SRPX2,STOM,TGFB2,TGFBR3
Pathway	1270031	Peroxisomal lipid metabolism	Pathway_1270031_Peroxisomal lipid metabolism	0.0	10.0	10.0	0.0		ACBD4,ACOX1,ACOX3,AGPS,ALDH3A2,AMACR,CROT,NUDT19,PECR,PHYH	ACBD4,ACOX1,ACOX3,AGPS,ALDH3A2,AMACR,CROT,EHHADH,NUDT19,PECR,PHYH,SLC27A2	
Pathway	131226	Peroxisome	Pathway_131226_Peroxisome	0.0	10.0	10.0	0.0		ACOX1,ACOX3,AGPS,AMACR,CROT,EPHX2,NUDT19,PECR,PHYH,PIPOX	ABCD3,ACOX1,ACOX3,AGPS,AMACR,CROT,DAO,DHRS4,EHHADH,EPHX2,FAR1,MPV17L2,NUDT12,NUDT19,PECR,PEX11G,PEX5,PHYH,PIPOX,PXMP4,SLC27A2	
Pathway	M6391	Peroxisome	Pathway_M6391_Peroxisome	0.0	10.0	10.0	0.0		ACOX1,ACOX3,AGPS,AMACR,CROT,EPHX2,NUDT19,PECR,PHYH,PIPOX	ABCD3,ACOX1,ACOX3,AGPS,AMACR,CROT,DAO,DHRS4,EHHADH,EPHX2,FAR1,NUDT12,NUDT19,PECR,PEX11G,PEX5,PHYH,PIPOX,PXMP4,SLC27A2	
Pathway	82973	Glutathione metabolism	Pathway_82973_Glutathione metabolism	3.7672247333568367	3.7483884704122015	4.319675662643656	5.420855289108878	GSTA2,GSTA4,GSTA5,GSTO1,MGST1	GGCT,GGT1,GPX1,LAP3,NAT8,ODC1	GCLC,GCLM,GGCT,GGT1,GPX1,GSS,LAP3,NAT8,ODC1,RRM2B	GGT6,GPX6,GPX7,GPX8,GSTA2,GSTA4,GSTA5,GSTM2,GSTO1,MGST1,MGST3,RRM1
Pathway	1270144	Metabolism of vitamins and cofactors	Pathway_1270144_Metabolism of vitamins and cofactors	0.0	4.009618129125364	10.0	2.9736888805935418		APOA4,BCO2,COASY,CYB5A,CYB5R3,PANK1,PARP10,SDC2,SHMT2,SLC5A8,UBIAD1	APOA4,BCO2,COASY,CYB5A,CYB5R3,DHFR,GPC4,LPL,MOCOS,NADK,NFS1,NT5E,NUDT12,PANK1,PARP10,PARP8,PPCS,QPRT,SDC2,SHMT2,SLC52A2,SLC52A3,SLC5A8,TPK1,TTR,UBIAD1,VNN1	ABCC1,ACACA,ACACB,APOE,FASN,GC,GPC1,GPC3,GSTO1,LDLR,LRAT,NNMT,PDXK,RBP4,RDH11,SHMT1,SLC22A13,SLC5A6
Pathway	82964	Tryptophan metabolism	Pathway_82964_Tryptophan metabolism	4.401934328394224	3.4443642665599334	5.551097477233892	3.459213973662424	AADAT,ALDH1B1,CYP1A1,KYNU,MAOA	ACAT1,ALDH3A2,IDO2,INMT,KYAT1	ACAT1,ACMSD,AFMID,ALDH3A2,ALDH9A1,EHHADH,HAAO,IDO2,INMT,KYAT1	AADAT,ALDH1B1,CYP1A1,DDC,KYAT3,KYNU,MAOA,MAOB
Pathway	82958	Histidine metabolism	Pathway_82958_Histidine metabolism	0.0	3.3319728901989385	2.6404134653336704	10.0		ALDH3A2,CNDP1,CNDP2,FTCD	ALDH3A2,ALDH9A1,CNDP1,CNDP2,FTCD	ALDH1B1,ALDH3A1,ALDH3B2,AMDHD1,DDC,HDC,MAOA,MAOB,UROC1
Pathway	M1840	Glutathione metabolism	Pathway_M1840_Glutathione metabolism	3.9277324362224757	2.990889538732091	3.84241531665104	4.971807082809165	GSTA2,GSTA4,GSTA5,GSTO1,MGST1	GGCT,GGT1,GPX1,LAP3,ODC1	GCLC,GCLM,GGCT,GGT1,GPX1,GSS,LAP3,ODC1,RRM2B	GGT6,GPX6,GPX7,GSTA2,GSTA4,GSTA5,GSTM2,GSTO1,MGST1,MGST3,RRM1
Pathway	868084	Fatty acid metabolism	Pathway_868084_Fatty acid metabolism	2.9291766441078178	4.038071825849654	3.9857907923760143	3.6016317837023077	ACSL1,ELOVL2,ELOVL6,SCD	ACAT1,ACOX1,ACOX3,HACD2,PECR,PPT2	ACADS,ACAT1,ACOX1,ACOX3,CPT2,EHHADH,HACD2,PECR,PPT2	ACACA,ACSL1,ACSL5,ELOVL2,ELOVL6,FASN,HACD4,SCD,SCD5
Pathway	1309221	Histidine, lysine, phenylalanine, tyrosine, proline and tryptophan catabolism	Pathway_1309221_Histidine, lysine, phenylalanine, tyrosine, proline and tryptophan catabolism	0.0	5.273860064149814	5.944509399892294	3.097693573274452		AASS,FTCD,HYKK,IDO2,KYAT1,PIPOX,SLC25A21	AASS,ACMSD,AFMID,FAH,FTCD,HAAO,HYKK,IDO2,KYAT1,PIPOX,SLC25A21	AADAT,AMDHD1,ASRGL1,HDC,HPD,KYAT3,KYNU,UROC1
Pathway	1270181	Sulfur amino acid metabolism	Pathway_1270181_Sulfur amino acid metabolism	0.0	4.284592095846952	10.0	0.0		CBS,CNDP2,CSAD,ETHE1,TST	AHCY,BHMT2,CBS,CNDP2,CSAD,ETHE1,GCLC,GCLM,TST	
Pathway	M39500	Tryptophan metabolism	Pathway_M39500_Tryptophan metabolism	3.1498792756954526	3.3437257373690996	4.468130717683754	3.3076373958184506	AADAT,ALDH1A2,CYP1A1,KYNU	ACAT1,ALDH3A2,CYP2E1,CYP7B1,INMT	ACAT1,ACMSD,AFMID,ALDH3A2,ALDH9A1,CYP2E1,CYP7B1,HAAO,INMT	AADAT,ALDH1A1,ALDH1A2,CYP1A1,CYP2F1,DDC,KYNU,MAOB
Pathway	M980	Tryptophan metabolism	Pathway_M980_Tryptophan metabolism	4.401934328394224	2.481324574937744	4.649453675654919	2.7313550516604757	AADAT,ALDH1B1,CYP1A1,KYNU,MAOA	ACAT1,ALDH3A2,IDO2,INMT	ACAT1,ACMSD,AFMID,ALDH3A2,ALDH9A1,EHHADH,HAAO,IDO2,INMT	AADAT,ALDH1B1,CYP1A1,DDC,KYNU,MAOA,MAOB
Pathway	PW:0000065	butanoate metabolic	Pathway_PW:0000065_butanoate metabolic	0.0	4.17573600167404	10.0	0.0		AACS,ACAT1,ALDH3A2,CROT	AACS,ACADS,ACAT1,ALDH3A2,ALDH9A1,CROT,HMGCS1	
Pathway	M39454	NRF2 pathway	Pathway_M39454_NRF2 pathway	4.085396489871774	0.0	10.0	0.0	ABCC3,CBR1,GSTA2,GSTA4,GSTA5,SLC39A5,SLC5A6,TGFB2		ABCC2,DNAJB1,EGR1,FTH1,GCLC,GCLM,GGT1,HBEGF,HMOX1,HSP90AA1,HSP90AB1,ME1,NRG1,PTGR1,SLC39A11,SLC39A14,SLC5A8,SLC6A15,SLC6A9,SQSTM1,TXNRD1	
Pathway	83034	Biosynthesis of unsaturated fatty acids	Pathway_83034_Biosynthesis of unsaturated fatty acids	5.635854430139727	3.4058894092457703	0.0	4.3233379215169885	ACOT7,BAAT,ELOVL2,ELOVL6,SCD	ACOX1,ACOX3,HACD2,PECR		ACOT7,BAAT,ELOVL2,ELOVL6,HACD4,SCD,SCD5
Pathway	M39588	Metapathway biotransformation Phase I and II	Pathway_M39588_Metapathway biotransformation Phase I and II	3.3603291066000156	3.83908845861327	3.337261130970909	2.7553660866331	BAAT,CYP1A1,GSTA2,GSTA4,GSTA5,GSTO1,HS3ST3B1,MGST1	CHST11,CHST7,CYP2E1,CYP4B1,CYP7B1,EPHX2,FMO5,INMT,NAT2,NAT8,TPMT	AKR1A1,AKR1D1,AKR7A2,CHST11,CHST7,COMT,CYP27A1,CYP2E1,CYP4B1,CYP7B1,EPHX2,FMO5,GSS,HS6ST2,INMT,NAT2,NAT8,TPMT	BAAT,CHST12,CYP1A1,CYP2F1,CYP39A1,CYP4V2,EPHX1,GAL3ST1,GSTA2,GSTA4,GSTA5,GSTM2,GSTO1,HS3ST3B1,MGST1,MGST3,NNMT,UGT1A10
Pathway	1270002	Lipid digestion, mobilization, and transport	Pathway_1270002_Lipid digestion, mobilization, and transport	3.057605668514135	0.0	0.0	10.0	ALB,ANGPTL3,ANGPTL8,APOE,BMP1,FABP1			ABCA1,ALB,ANGPTL3,ANGPTL8,APOC1,APOE,BMP1,CAV1,CIDEC,FABP1,FABP4,FABP5,FYN,LDLR,LIPE,MGLL,PLIN1,PLTP,SH3KBP1
Pathway	1269367	Platelet degranulation	Pathway_1269367_Platelet degranulation	2.748772244109795	0.0	0.0	10.0	ALB,FGB,LHFPL2,SPP2,SYTL4,TGFB2			ABCC4,ALB,CFD,ENDOD1,FAM3C,FGB,FGG,FN1,IGF1,LGALS3BP,LHFPL2,MAGED2,ORM1,PCDH7,RAB27B,SERPING1,SPP2,SYTL4,TGFB2,TMSB4X,VEGFD
Pathway	M11673	Biosynthesis of unsaturated fatty acids	Pathway_M11673_Biosynthesis of unsaturated fatty acids	5.738931669688967	3.48359635554871	0.0	3.4839995431460022	ACOT7,BAAT,ELOVL2,ELOVL6,SCD	ACOX1,ACOX3,HACD2,PECR		ACOT7,BAAT,ELOVL2,ELOVL6,SCD,SCD5
Pathway	1270145	Metabolism of water-soluble vitamins and cofactors	Pathway_1270145_Metabolism of water-soluble vitamins and cofactors	0.0	2.4813363729585647	10.0	0.0		COASY,CYB5A,CYB5R3,PANK1,PARP10,SHMT2,SLC5A8	COASY,CYB5A,CYB5R3,DHFR,MOCOS,NADK,NFS1,NT5E,NUDT12,PANK1,PARP10,PARP8,PPCS,QPRT,SHMT2,SLC52A2,SLC52A3,SLC5A8,TPK1,VNN1	
Pathway	1270213	Glutathione conjugation	Pathway_1270213_Glutathione conjugation	4.401934328394224	0.0	3.806465667041595	3.459213973662424	GSTA2,GSTA4,GSTA5,GSTO1,MGST1		AKR1A1,CHAC2,CNDP2,GCLC,GCLM,GGCT,GGT1,GSS	GGT6,GSTA2,GSTA4,GSTA5,GSTM2,GSTO1,MGST1,MGST3
Pathway	M12524	Histidine metabolism	Pathway_M12524_Histidine metabolism	0.0	3.0089457340873107	3.060467917961695	5.492763255941896		ACY3,ALDH3A2,CNDP1,FTCD	ACY3,ALDH3A2,ALDH9A1,CNDP1,FTCD,LCMT2	ALDH1B1,ALDH3A1,ALDH3B2,AMDHD1,DDC,HDC,MAOA,MAOB,UROC1
Pathway	1270010	Fatty acid, triacylglycerol, and ketone body metabolism	Pathway_1270010_Fatty acid, triacylglycerol, and ketone body metabolism	3.1003860953008746	3.797326964034203	3.662242033483894	0.0	ACOT7,ACSL1,AGMO,CYP1A1,ELOVL2,ELOVL6,FABP1,GPAT3,SCD	AACS,ACAT1,ACOT12,ACOX1,ACSM3,CD36,HACD2,ME1,MOGAT1,NR1H4,PCTP,PPT2,RGL1	AACS,ACADS,ACAT1,ACOT12,ACOX1,ACSM3,ALAS1,ANGPTL4,CD36,CPT2,HACD2,HMGCS1,LPIN1,ME1,MED21,MED28,MOGAT1,NR1H4,PCTP,PPT2,RGL1,TIAM2,TXNRD1	
Pathway	1270158	Metabolism of amino acids and derivatives	Pathway_1270158_Metabolism of amino acids and derivatives	0.0	4.786193097493186	5.743337293521763	0.0		AASS,ACAT1,ASPG,CBS,CNDP2,CSAD,ETHE1,FTCD,GPT,HYKK,IDO2,INMT,KYAT1,ODC1,PIPOX,RPL3L,SLC25A21,TST	AASS,ACAT1,ACMSD,AFMID,AGXT2,AHCY,ALDH9A1,ASPG,BCAT1,BHMT2,CBS,CNDP2,CSAD,DAO,EEFSEC,ETHE1,FAH,FTCD,GCLC,GCLM,GLS,GPT,GRHPR,HAAO,HYKK,IDO2,INMT,KYAT1,ODC1,PIPOX,PSME4,RPL3L,SLC25A21,TST,TXNRD1	
Pathway	83031	Metabolism of xenobiotics by cytochrome P450	Pathway_83031_Metabolism of xenobiotics by cytochrome P450	5.145075370488288	0.0	0.0	5.339742325889104	CBR1,CYP1A1,GSTA2,GSTA4,GSTA5,GSTO1,MGST1			ALDH3A1,ALDH3B2,CBR1,CYP1A1,CYP2F1,EPHX1,GSTA2,GSTA4,GSTA5,GSTM2,GSTO1,MGST1,MGST3,UGT1A10
Pathway	M13465	Terpenoid backbone biosynthesis	Pathway_M13465_Terpenoid backbone biosynthesis	0.0	5.64829246294578	4.829908897619229	0.0		ACAT1,DHDDS,IDI1,MVD,PDSS1	ACAT1,DHDDS,HMGCS1,IDI1,MVD,PDSS1	
Pathway	PW:0000073	lysine degradation	Pathway_PW:0000073_lysine degradation	0.0	5.178736082979	4.951554268566431	0.0		AASS,ACAT1,ALDH3A2,CROT	AASS,ACAT1,ALDH3A2,ALDH9A1,CROT	
Pathway	M39355	Prostaglandin Synthesis and Regulation	Pathway_M39355_Prostaglandin Synthesis and Regulation	0.0	0.0	0.0	10.0				ABCC4,ANXA2,ANXA6,CBR1,HPGD,MITF,PLA2G4A,PPARG,PPARGC1A,PTGDS,PTGER3,PTGES,PTGIR,PTGS1,S100A6,TBXAS1
Pathway	1269340	Hemostasis	Pathway_1269340_Hemostasis	0.0	0.0	0.0	10.0				ABCC4,ABHD6,ALB,ANGPT1,ANGPT2,ANXA2,CAV1,CEACAM1,CFD,DOCK9,ENDOD1,EPCAM,FAM3C,FGB,FGG,FN1,FYN,GATA2,GATA3,GNB5,GNG11,GNG2,GPC1,GUCY1A1,GYPC,IGF1,IRAG1,ITGA1,ITPR2,JAK2,JAM2,JCHAIN,LGALS3BP,LHFPL2,MAGED2,MGLL,ORM1,PCDH7,PDE3A,PDE3B,PDPN,PLA2G4A,PLAT,PRKAR1B,PRKAR2B,PRKCQ,PTGIR,RAB27B,SERPING1,SLC7A6,SLC7A7,SLC7A8,SLC7A9,SPP2,SYTL4,TFPI,TGFB2,TMSB4X,TSPAN7,VEGFD
Pathway	1269365	Response to elevated platelet cytosolic Ca2+	Pathway_1269365_Response to elevated platelet cytosolic Ca2+	0.0	0.0	0.0	10.0				ABCC4,ALB,CFD,ENDOD1,FAM3C,FGB,FGG,FN1,IGF1,LGALS3BP,LHFPL2,MAGED2,ORM1,PCDH7,RAB27B,SERPING1,SPP2,SYTL4,TGFB2,TMSB4X,VEGFD
Pathway	M39505	Adipogenesis	Pathway_M39505_Adipogenesis	0.0	0.0	0.0	10.0				ADIPOQ,AGPAT2,BMP1,CFD,EBF1,GATA2,GATA3,ID3,IGF1,KLF5,LIPE,PLIN1,PNPLA3,PPARG,PPARGC1A,PRLR,RETN,SCD,SFRP4,SMAD3,WNT5B
Pathway	PW:0000485	eicosanoids metabolic	Pathway_PW:0000485_eicosanoids metabolic	0.0	0.0	0.0	10.0				CBR1,LTC4S,MGST1,PLA2G5,PTGDS,PTGES,PTGS1,TBXAS1
Pathway	673221	Chemical carcinogenesis	Pathway_673221_Chemical carcinogenesis	4.848136364909188	0.0	0.0	4.801019470049556	CBR1,CYP1A1,GSTA2,GSTA4,GSTA5,GSTO1,MGST1			ALDH3A1,ALDH3B2,CBR1,CYP1A1,EPHX1,GSTA2,GSTA4,GSTA5,GSTM2,GSTO1,KYAT3,MGST1,MGST3,UGT1A10
Pathway	82998	Pyruvate metabolism	Pathway_82998_Pyruvate metabolism	0.0	4.5630683132757985	4.7446198047518084	0.0		ACAT1,ACOT12,ACSS2,ALDH3A2,LDHD,ME1	ACAT1,ACOT12,ACSS2,ALDH3A2,ALDH9A1,GRHPR,LDHA,LDHD,ME1	
Pathway	1270097	Sphingolipid metabolism	Pathway_1270097_Sphingolipid metabolism	0.0	4.987100547330466	4.238824121995085	0.0		ALDH3A2,ARSB,ARSG,DEGS2,GLB1,NEU1,PRKD3,SGPP1,UGT8	ALDH3A2,ARSB,ARSG,DEGS2,GLB1,NEU1,PRKD3,PSAP,SGPP1,SMPD2,SPTLC2,UGCG,UGT8	
Pathway	M39780	Omega-9 FA synthesis	Pathway_M39780_Omega-9 FA synthesis	4.854101315720413	0.0	0.0	4.3526684177313255	ACSL1,ELOVL2,ELOVL6,SCD			ACSL1,ELOVL2,ELOVL6,FASN,SCD,SCD5
Pathway	M7934	Pyruvate metabolism	Pathway_M7934_Pyruvate metabolism	0.0	4.498085332207428	4.649453675654919	0.0		ACAT1,ACOT12,ACSS2,ALDH3A2,LDHD,ME1	ACAT1,ACOT12,ACSS2,ALDH3A2,ALDH9A1,GRHPR,LDHA,LDHD,ME1	
Pathway	M16794	Metabolism of xenobiotics by cytochrome P450	Pathway_M16794_Metabolism of xenobiotics by cytochrome P450	4.235202565935698	0.0	0.0	4.9083474143059656	CYP1A1,GSTA2,GSTA4,GSTA5,GSTO1,MGST1			ALDH3A1,ALDH3B2,CYP1A1,CYP2F1,EPHX1,GSTA2,GSTA4,GSTA5,GSTM2,GSTO1,MGST1,MGST3,UGT1A10
Pathway	1270011	Triglyceride Biosynthesis	Pathway_1270011_Triglyceride Biosynthesis	4.848136364909188	0.0	0.0	4.150772202702873	ACOT7,ACSL1,AGMO,ELOVL2,ELOVL6,GPAT3,SCD			ACACA,ACOT7,ACSL1,ACSL5,AGMO,AGPAT2,ELOVL2,ELOVL6,FASN,GPAT3,HACD4,SCD,SCD5
Pathway	M39727	One carbon metabolism and related pathways	Pathway_M39727_One carbon metabolism and related pathways	0.0	2.838635763916729	5.95184990446014	0.0		CHDH,CHPT1,CSAD,GPX1,SHMT2	AGXT2,BCAT1,BHMT2,CHDH,CHPT1,CSAD,GCLC,GCLM,GPX1,GSS,PCYT2,SHMT2	
Pathway	MAP00380_Tryptophan_metabolism	MAP00380 Tryptophan metabolism	Pathway_MAP00380_Tryptophan_metabolism_MAP00380 Tryptophan metabolism	2.9991152626250352	0.0	2.658340091039498	3.031904064464779	ALDH1B1,CYP1A1,KYNU,MAOA		ACAT1,ACMSD,ALDH3A2,CYP2E1,CYP4B1,EHHADH,HAAO	ALDH1A1,ALDH1B1,CYP1A1,CYP2F1,DDC,KYNU,MAOA,MAOB
Pathway	1270214	Glutathione synthesis and recycling	Pathway_1270214_Glutathione synthesis and recycling	0.0	2.7529148880987098	5.875372810674668	0.0		CNDP2,GGCT,GGT1	CHAC2,CNDP2,GCLC,GCLM,GGCT,GGT1,GSS	
Pathway	83022	Terpenoid backbone biosynthesis	Pathway_83022_Terpenoid backbone biosynthesis	0.0	4.743733056777455	3.760711534914412	0.0		ACAT1,DHDDS,IDI1,MVD,PDSS1	ACAT1,DHDDS,HMGCS1,IDI1,MVD,PDSS1	
Pathway	83032	Drug metabolism - cytochrome P450	Pathway_83032_Drug metabolism - cytochrome P450	4.235202565935698	0.0	0.0	4.215569657038606	GSTA2,GSTA4,GSTA5,GSTO1,MAOA,MGST1			ALDH3A1,ALDH3B2,GSTA2,GSTA4,GSTA5,GSTM2,GSTO1,MAOA,MAOB,MGST1,MGST3,UGT1A10
Pathway	1270033	Beta-oxidation of pristanoyl-CoA	Pathway_1270033_Beta-oxidation of pristanoyl-CoA	0.0	4.962187168056238	3.3550844756820157	0.0		ACOX3,AMACR,CROT,NUDT19	ACOX3,AMACR,CROT,NUDT19	
Pathway	MAP00531_Glycosaminoglycan_degradation	MAP00531 Glycosaminoglycan degradation	Pathway_MAP00531_Glycosaminoglycan_degradation_MAP00531 Glycosaminoglycan degradation	0.0	4.962187168056238	3.3550844756820157	0.0		ARSB,GALNS,GLB1,GUSB	ARSB,GALNS,GLB1,GUSB	
Pathway	P04372	5-Hydroxytryptamine degredation	Pathway_P04372_5-Hydroxytryptamine degredation	3.1858233098826747	0.0	0.0	5.124343973016998	ALDH1A2,ALDH1B1,MAOA			ALDH1A1,ALDH1A2,ALDH1B1,ALDH3A1,ALDH3B2,MAOA,MAOB
Pathway	MAP00071_Fatty_acid_metabolism	MAP00071 Fatty acid metabolism	Pathway_MAP00071_Fatty_acid_metabolism_MAP00071 Fatty acid metabolism	0.0	4.144201712798142	4.137309530412597	0.0		ACAT1,ACOX1,ADH1A,ALDH3A2,CYP2E1,CYP4B1	ACADS,ACAT1,ACOX1,ADH1A,ALDH3A2,CPT2,CYP2E1,CYP4B1,EHHADH	
Pathway	M9257	Drug metabolism - cytochrome P450	Pathway_M9257_Drug metabolism - cytochrome P450	4.165933770595662	0.0	0.0	4.091679757009375	GSTA2,GSTA4,GSTA5,GSTO1,MAOA,MGST1			ALDH3A1,ALDH3B2,GSTA2,GSTA4,GSTA5,GSTM2,GSTO1,MAOA,MAOB,MGST1,MGST3,UGT1A10
Pathway	PW:0000058	fatty acid metabolic	Pathway_PW:0000058_fatty acid metabolic	0.0	3.4058894092457703	4.650809735921007	0.0		ACAT1,ACOX3,ALDH3A2,CYP4B1	ACADS,ACAT1,ACOX3,ALDH3A2,ALDH9A1,CPT2,CYP4B1	
Pathway	83042	PPAR signaling pathway	Pathway_83042_PPAR signaling pathway	0.0	0.0	3.2497414723492444	4.7699943100266236			ACOX1,ACOX3,ANGPTL4,CD36,CPT2,CYP27A1,EHHADH,LPL,ME1,SLC27A2	ACSL1,ACSL5,ADIPOQ,FABP1,FABP4,FABP5,PLIN1,PLIN4,PLTP,PPARG,SCD,SCD5,SLC27A1
Pathway	M699	Fatty acid metabolism	Pathway_M699_Fatty acid metabolism	0.0	3.3437257373690996	4.468130717683754	0.0		ACAT1,ACOX1,ACOX3,ADH1A,ALDH3A2	ACADS,ACAT1,ACOX1,ACOX3,ADH1A,ALDH3A2,ALDH9A1,CPT2,EHHADH	
Pathway	M13088	PPAR signaling pathway	Pathway_M13088_PPAR signaling pathway	0.0	0.0	3.400943647045474	4.279383017101804			ACOX1,ACOX3,ANGPTL4,CD36,CPT2,CYP27A1,EHHADH,LPL,ME1,SLC27A2	ACSL1,ACSL5,ADIPOQ,FABP1,FABP4,FABP5,PLIN1,PLTP,PPARG,SCD,SCD5,SLC27A1
Pathway	M39790	Cysteine and methionine catabolism	Pathway_M39790_Cysteine and methionine catabolism	0.0	2.8381334396613003	4.829908897619229	0.0		CBS,CSAD,ETHE1	AHCY,CBS,CSAD,ETHE1,GCLC,GSS	
Pathway	1270163	Lysine catabolism	Pathway_1270163_Lysine catabolism	0.0	4.600393560855829	3.010547968443253	0.0		AASS,HYKK,PIPOX,SLC25A21	AASS,HYKK,PIPOX,SLC25A21	
Pathway	MAP00310_Lysine_degradation	MAP00310 Lysine degradation	Pathway_MAP00310_Lysine_degradation_MAP00310 Lysine degradation	0.0	4.056082249925303	3.513282550143989	0.0		AASS,ACAT1,ALDH3A2,SHMT2	AASS,ACAT1,ALDH3A2,EHHADH,SHMT2	
Pathway	M766	Glycine, serine and threonine metabolism	Pathway_M766_Glycine, serine and threonine metabolism	0.0	2.897295652842234	4.657326428076821	0.0		CBS,CHDH,PIPOX,SHMT2	AGXT2,ALAS1,CBS,CHDH,DAO,GLYCTK,PIPOX,SHMT2	
Pathway	1270012	Fatty Acyl-CoA Biosynthesis	Pathway_1270012_Fatty Acyl-CoA Biosynthesis	3.729191117628454	0.0	0.0	3.825188671357575	ACOT7,ACSL1,ELOVL2,ELOVL6,SCD			ACACA,ACOT7,ACSL1,ACSL5,ELOVL2,ELOVL6,FASN,HACD4,SCD,SCD5
Pathway	82935	Fatty acid degradation	Pathway_82935_Fatty acid degradation	0.0	3.2485356418319227	4.297778451326184	0.0		ACAT1,ACOX1,ACOX3,ADH1A,ALDH3A2	ACADS,ACAT1,ACOX1,ACOX3,ADH1A,ALDH3A2,ALDH9A1,CPT2,EHHADH	
Pathway	M15955	Sphingolipid metabolism	Pathway_M15955_Sphingolipid metabolism	0.0	3.4969081978426444	3.8880627831779524	0.0		DEGS2,GLB1,NEU1,SGPP1,UGT8	DEGS2,GLB1,NEU1,SGPP1,SMPD2,SPTLC2,UGCG,UGT8	
Pathway	M39553	PPAR signaling pathway	Pathway_M39553_PPAR signaling pathway	0.0	0.0	3.506916600241754	3.7372011604575			ACOX1,ACOX3,ANGPTL4,CD36,CPT2,CYP27A1,EHHADH,LPL,ME1,SLC27A2	ACSL1,ACSL5,ADIPOQ,FABP1,FABP4,FABP5,PLIN1,PLTP,PPARG,SCD,SLC27A1
Pathway	PW:0000071	valine, leucine and isoleucine degradation	Pathway_PW:0000071_valine, leucine and isoleucine degradation	0.0	2.6735483585762636	4.466563258145675	0.0		ACAT1,ALDH3A2,CROT	ACADS,ACAT1,ALDH3A2,ALDH9A1,CROT,HMGCS1	
Pathway	MAP00150_Androgen_and_estrogen_metabolism	MAP00150 Androgen and estrogen metabolism	Pathway_MAP00150_Androgen_and_estrogen_metabolism_MAP00150 Androgen and estrogen metabolism	0.0	2.6735483585762636	4.466563258145675	0.0		HSD11B1,HSD17B2,SRD5A1	AKR1D1,HSD11B1,HSD17B2,HSD3B2,SRD5A1,SRD5A2	
Pathway	82949	Glycine, serine and threonine metabolism	Pathway_82949_Glycine, serine and threonine metabolism	0.0	2.481324574937744	4.649453675654919	0.0		CBS,CHDH,PIPOX,SHMT2	AGXT2,ALAS1,CBS,CHDH,DAO,GLYCTK,GRHPR,PIPOX,SHMT2	
Pathway	83007	Butanoate metabolism	Pathway_83007_Butanoate metabolism	0.0	3.068151925509066	4.042665618331448	0.0		AACS,ACAT1,ACSM2B,ACSM3	AACS,ACADS,ACAT1,ACSM2B,ACSM3,EHHADH,HMGCS1	
Pathway	1270005	Lipoprotein metabolism	Pathway_1270005_Lipoprotein metabolism	3.1272564123720765	0.0	0.0	3.9725232098359307	ALB,ANGPTL3,ANGPTL8,APOE,BMP1			ABCA1,ALB,ANGPTL3,ANGPTL8,APOC1,APOE,BMP1,CIDEC,FYN,LDLR,PLTP,SH3KBP1
Pathway	M3397	Butanoate metabolism	Pathway_M3397_Butanoate metabolism	0.0	2.7445540064983263	4.341403103170958	0.0		AACS,ACAT1,ACSM3,ALDH3A2	AACS,ACADS,ACAT1,ACSM3,ALDH3A2,ALDH9A1,EHHADH,HMGCS1	
Pathway	142435	glutathione-mediated detoxification	Pathway_142435_glutathione-mediated detoxification	3.1142652591654625	0.0	0.0	3.8730870652857745	GSTA4,GSTA5,MGST1			GGH,GSTA4,GSTA5,KYAT3,MGST1,MGST3
Pathway	82957	Arginine and proline metabolism	Pathway_82957_Arginine and proline metabolism	3.9277324362224757	2.990889538732091	0.0	0.0	ALDH1B1,ARG2,MAOA,OAT,PRODH2	ALDH3A2,CNDP1,CNDP2,LAP3,ODC1		
Pathway	PW:0000043	pyruvate metabolic	Pathway_PW:0000043_pyruvate metabolic	0.0	2.952047014326054	3.837544989365067	0.0		ACAT1,ACOT12,ALDH3A2,ME1	ACAT1,ACOT12,ALDH3A2,ALDH9A1,LDHA,ME1,PDK3	
Pathway	413387	C5 isoprenoid biosynthesis, mevalonate pathway	Pathway_413387_C5 isoprenoid biosynthesis, mevalonate pathway	0.0	3.3921177316005573	3.3550844756820157	0.0		ACAT1,IDI1,MVD	ACAT1,HMGCS1,IDI1,MVD	
Pathway	142207	mevalonate pathway	Pathway_142207_mevalonate pathway	0.0	3.3921177316005573	3.3550844756820157	0.0		ACAT1,IDI1,MVD	ACAT1,HMGCS1,IDI1,MVD	
Pathway	1270087	Arachidonic acid metabolism	Pathway_1270087_Arachidonic acid metabolism	0.0	2.6021056732231775	0.0	4.11846568252405		CYP4B1,EPHX2,GGT1,GPX1,PTGR1		ABCC1,CBR1,CYP1A1,HPGD,LTC4S,PLA2G4A,PON3,PTGDS,PTGES,PTGS1,TBXAS1
Pathway	1270099	Glycosphingolipid metabolism	Pathway_1270099_Glycosphingolipid metabolism	0.0	3.1582843677359773	3.367604577499214	0.0		ARSB,ARSG,GLB1,NEU1,UGT8	ARSB,ARSG,GLB1,NEU1,PSAP,SMPD2,UGCG,UGT8	
Pathway	1270046	Metabolism of steroid hormones	Pathway_1270046_Metabolism of steroid hormones	0.0	2.844547646436031	3.6493958520476024	0.0		HSD11B1,HSD17B11,HSD17B2,SRD5A1	FDX1,HSD11B1,HSD17B11,HSD17B2,HSD3B2,SRD5A1,SRD5A2	
Pathway	1269972	Glycosaminoglycan metabolism	Pathway_1269972_Glycosaminoglycan metabolism	0.0	3.140733601582406	3.3204602942601373	0.0		ARSB,CHST11,CHST7,CSGALNACT1,GLB1,GUSB,SDC2,SLC35D2	ARSB,B4GALT1,B4GALT5,CHST11,CHST7,CHSY1,CSGALNACT1,GLB1,GPC4,GUSB,HS6ST2,SDC2,SLC35D2,ST3GAL3	
Pathway	82994	Sphingolipid metabolism	Pathway_82994_Sphingolipid metabolism	0.0	3.1148705421039113	3.3018295258420673	0.0		DEGS2,GLB1,NEU1,SGPP1,UGT8	DEGS2,GLB1,NEU1,SGPP1,SMPD2,SPTLC2,UGCG,UGT8	
Pathway	M40054	7-oxo-C and 7beta-HC pathways	Pathway_M40054_7-oxo-C and 7beta-HC pathways	0.0	3.068151925509066	3.1463657293380654	0.0		ACOT12,AMACR,EPHX2,HSD11B1	ACOT12,AMACR,CYP27A1,EPHX2,HSD11B1,SLC27A2	
Pathway	545288	superpathway of geranylgeranyldiphosphate biosynthesis I (via mevalonate)	Pathway_545288_superpathway of geranylgeranyldiphosphate biosynthesis I (via mevalonate)	0.0	3.138825688374236	3.010547968443253	0.0		ACAT1,IDI1,MVD	ACAT1,HMGCS1,IDI1,MVD	
Pathway	PW:0000051	histidine metabolic	Pathway_PW:0000051_histidine metabolic	0.0	3.138825688374236	3.010547968443253	0.0		ALDH3A2,CROT,FTCD	ALDH3A2,ALDH9A1,CROT,FTCD	
Pathway	1269903	Transmembrane transport of small molecules	Pathway_1269903_Transmembrane transport of small molecules	0.0	0.0	2.9383352153813966	3.1178312851896126			ABCC2,ABCD3,ATP11A,ATP13A1,AZGP1,DERL1,FTH1,HMOX1,MRS2,OSTM1,PSME4,SLC12A6,SLC16A1,SLC17A1,SLC17A3,SLC18A1,SLC1A1,SLC1A4,SLC20A1,SLC22A12,SLC22A18,SLC22A2,SLC22A6,SLC30A1,SLC30A2,SLC30A5,SLC33A1,SLC35D2,SLC39A14,SLC44A4,SLC47A1,SLC5A8,SLC66A1,SLC6A15,SLC6A9,SLCO3A1,SLCO4C1,TFRC,TRPC1,TRPV2,TRPV4,TTYH2,VCP,WWP1	ABCA4,ABCB1,ABCC1,ABCC3,ABCC4,ADCY1,ALB,ANKH,ANO9,ARHGEF9,ATP1A2,ATP8A1,ATP8B1,CP,EIF2S3,FXYD1,FXYD4,GNB5,GNG11,GNG2,HEPH,HK2,MCOLN2,PRKAR1B,PRKAR2B,PSMB10,PSMB9,RNASEL,SGK1,SLC14A1,SLC16A7,SLC1A3,SLC1A5,SLC27A1,SLC36A2,SLC39A5,SLC43A1,SLC44A1,SLC4A8,SLC5A12,SLC5A6,SLC6A12,SLC7A2,SLC7A6,SLC7A7,SLC7A8,SLC7A9,STEAP3,STOM
Pathway	82940	Steroid hormone biosynthesis	Pathway_82940_Steroid hormone biosynthesis	0.0	2.6992665024843547	3.33752058309428	0.0		CYP2E1,CYP7B1,HSD11B1,HSD17B2,SRD5A1	AKR1D1,COMT,CYP2E1,CYP7B1,HSD11B1,HSD17B2,HSD3B2,SRD5A1,SRD5A2	
Pathway	M39666	Drug Induction of Bile Acid Pathway	Pathway_M39666_Drug Induction of Bile Acid Pathway	3.2619276511044832	2.6735483585762636	0.0	0.0	ABCB1,ABCC3,BAAT	NR1H4,SLC10A1,SLC51A		
Pathway	MAP00340_Histidine_metabolism	MAP00340 Histidine metabolism	Pathway_MAP00340_Histidine_metabolism_MAP00340 Histidine metabolism	0.0	0.0	0.0	5.898114936074234				ALDH1A1,ALDH1B1,ALDH3A1,ALDH3B2,DDC,HDC,MAOA,MAOB
Pathway	1270032	Alpha-oxidation of phytanate	Pathway_1270032_Alpha-oxidation of phytanate	0.0	2.6355797378772445	3.2201534983960034	0.0		ALDH3A2,PHYH	ALDH3A2,PHYH,SLC27A2	
Pathway	1108766	coenzyme A biosynthesis	Pathway_1108766_coenzyme A biosynthesis	0.0	2.6355797378772445	3.2201534983960034	0.0		COASY,PANK1	COASY,PANK1,PPCS	
Pathway	SMP00027	Pantothenate and CoA Biosynthesis	Pathway_SMP00027_Pantothenate and CoA Biosynthesis	0.0	2.6355797378772445	3.2201534983960034	0.0		COASY,PANK1	COASY,PANK1,VNN1	
Pathway	1269350	Platelet activation, signaling and aggregation	Pathway_1269350_Platelet activation, signaling and aggregation	0.0	0.0	0.0	5.841464736259269				ABCC4,ABHD6,ALB,CFD,ENDOD1,FAM3C,FGB,FGG,FN1,FYN,GNB5,GNG11,GNG2,IGF1,ITPR2,JAK2,LGALS3BP,LHFPL2,MAGED2,MGLL,ORM1,PCDH7,PDPN,PLA2G4A,PRKCQ,RAB27B,SERPING1,SPP2,SYTL4,TGFB2,TMSB4X,VEGFD
Pathway	1270007	HDL-mediated lipid transport	Pathway_1270007_HDL-mediated lipid transport	3.046758411143659	0.0	0.0	2.7927740489549846	ALB,APOE,BMP1			ABCA1,ALB,APOE,BMP1,PLTP
Pathway	MAP00561_Glycerolipid_metabolism	MAP00561 Glycerolipid metabolism	Pathway_MAP00561_Glycerolipid_metabolism_MAP00561 Glycerolipid metabolism	0.0	3.1148705421039113	2.603255987026239	0.0		ADH1A,AGPS,ALDH3A2,DGKG,GLB1	ADH1A,AGPS,ALDH3A2,CPT2,DGKG,GLB1,LPL	
Pathway	M22078	Multi-Drug Resistance Factors	Pathway_M22078_Multi-Drug Resistance Factors	2.8658420097597084	0.0	0.0	2.7840767026191435	ABCB1,ABCC3			ABCB1,ABCC1,ABCC3
Pathway	1268716	Synthesis of substrates in N-glycan biosythesis	Pathway_1268716_Synthesis of substrates in N-glycan biosythesis	0.0	2.5404847658125926	3.067652728739148	0.0		AMDHD2,DHDDS,GLB1,MVD,NEU1	AMDHD2,CMAS,DHDDS,GLB1,MVD,NEU1,ST3GAL3,ST8SIA1,UAP1	
Pathway	M39459	Metabolism of Spingolipids in ER and Golgi apparatus	Pathway_M39459_Metabolism of Spingolipids in ER and Golgi apparatus	0.0	2.4639930360216162	3.0208813130724685	0.0		GALNT1,SGPP1,UGT8	B4GALT1,GALNT1,SGPP1,UGCG,UGT8	
Pathway	1222950	Regulation of lipolysis in adipocytes	Pathway_1222950_Regulation of lipolysis in adipocytes	0.0	0.0	0.0	5.420855289108878				ADCY1,FABP4,LIPE,MGLL,NPY1R,PDE3B,PLAAT3,PLIN1,PNPLA2,PTGER3,PTGS1,TSHR
Pathway	PW:0000185	limonene and pinene degradation	Pathway_PW:0000185_limonene and pinene degradation	0.0	2.463936210761732	2.9322539156684404	0.0		ALDH3A2,CROT	ALDH3A2,ALDH9A1,CROT	
Pathway	M40063	Fluoroacetic acid toxicity	Pathway_M40063_Fluoroacetic acid toxicity	0.0	2.463936210761732	2.9322539156684404	0.0		ACSS2,ALDH3A2	ACSS2,ALDH3A2,ALDH9A1	
Pathway	MAP00450_Selenoamino_acid_metabolism	MAP00450 Selenoamino acid metabolism	Pathway_MAP00450_Selenoamino_acid_metabolism_MAP00450 Selenoamino acid metabolism	0.0	2.463936210761732	2.9322539156684404	0.0		CBS,GGT1	AHCY,CBS,GGT1	
Pathway	82956	Lysine degradation	Pathway_82956_Lysine degradation	0.0	2.6662195150917016	2.6359889951507554	0.0		AASS,ACAT1,ALDH3A2,HYKK,PIPOX	AASS,ACAT1,ALDH3A2,ALDH9A1,EHHADH,HYKK,PIPOX,PLOD2	
Pathway	1269916	Amino acid transport across the plasma membrane	Pathway_1269916_Amino acid transport across the plasma membrane	0.0	0.0	0.0	5.22408446239275				SLC1A5,SLC36A2,SLC43A1,SLC6A12,SLC7A2,SLC7A6,SLC7A7,SLC7A8,SLC7A9
Pathway	SMP00044	Histidine Metabolism	Pathway_SMP00044_Histidine Metabolism	0.0	0.0	0.0	5.22315331868433				ALDH3A1,AMDHD1,DDC,HDC,MAOA,UROC1
Pathway	1270133	Metabolism of nucleotides	Pathway_1270133_Metabolism of nucleotides	0.0	0.0	5.1704340908041955	0.0			ADAL,AGXT2,AK2,CDA,CTPS1,GMPR,GPX1,NME1,NT5C3A,NT5E,NUDT9,PNP,RRM2B,TXNRD1,UPP2	
Pathway	M3008	Genes encoding structural ECM glycoproteins	Pathway_M3008_Genes encoding structural ECM glycoproteins	0.0	0.0	0.0	5.086738787866403				ADIPOQ,DPT,EFEMP1,FBLN1,FBLN2,FGB,FGG,FGL1,FN1,IGFALS,IGFBP1,LAMA4,LAMB1,MFAP2,MFAP5,NPNT,PCOLCE2,POSTN,SLIT2,SPARCL1,SPP1,SRPX2,TGFBI,THSD4
Pathway	1270207	Phase II conjugation	Pathway_1270207_Phase II conjugation	0.0	0.0	5.070358262791907	0.0			ACSM2B,AHCY,AKR1A1,CHAC2,CNDP2,COMT,GCLC,GCLM,GGCT,GGT1,GSS,NAT2,TPMT,TRMT112,UGT3A1,UGT3A2	
Pathway	104488	Cysteine and methionine metabolism	Pathway_104488_Cysteine and methionine metabolism	0.0	0.0	5.053940971990976	0.0			AGXT2,AHCY,BCAT1,BHMT2,CBS,GCLC,GCLM,GSS,LDHA,TST	
Pathway	M39382	Eicosanoid Synthesis	Pathway_M39382_Eicosanoid Synthesis	0.0	0.0	0.0	4.909053345569501				LTC4S,PLA2G4A,PLA2G5,PNPLA3,PTGDS,PTGES,PTGS1,TBXAS1
Pathway	1270009	Hormone-sensitive lipase (HSL)-mediated triacylglycerol hydrolysis	Pathway_1270009_Hormone-sensitive lipase (HSL)-mediated triacylglycerol hydrolysis	0.0	0.0	0.0	4.771992162400678				CAV1,FABP1,FABP4,FABP5,LIPE,MGLL,PLIN1
Pathway	82991	Arachidonic acid metabolism	Pathway_82991_Arachidonic acid metabolism	0.0	0.0	0.0	4.764985163016241				CBR1,GPX6,GPX7,GPX8,LTC4S,PLA2G4A,PLA2G5,PLAAT3,PTGDS,PTGES,PTGS1,TBXAS1
Pathway	1270088	Synthesis of Prostaglandins (PG) and Thromboxanes (TX)	Pathway_1270088_Synthesis of Prostaglandins (PG) and Thromboxanes (TX)	0.0	0.0	0.0	4.5399676578				CBR1,HPGD,PTGDS,PTGES,PTGS1,TBXAS1
Pathway	M22003	Eicosanoid Metabolism	Pathway_M22003_Eicosanoid Metabolism	0.0	0.0	0.0	4.463831728441632				EPHX1,PLA2G4A,PTGER3,PTGES,PTGIR,PTGS1,TBXAS1
Pathway	M39581	Human Complement System	Pathway_M39581_Human Complement System	0.0	0.0	0.0	4.460304127417198				ADIPOQ,ALB,C2,C3,C3AR1,C8A,CFD,CFI,CPN1,DCN,FGB,FGG,LAMB1,SERPING1,SPP1
Pathway	1269155	Uptake and function of diphtheria toxin	Pathway_1269155_Uptake and function of diphtheria toxin	0.0	0.0	4.445279889734125	0.0			HBEGF,HSP90AA1,HSP90AB1,TXNRD1	
Pathway	PW:0000134	glutathione metabolic	Pathway_PW:0000134_glutathione metabolic	0.0	0.0	4.416394131612069	0.0			GCLC,GCLM,GGT1,GPX1,GSS	
Pathway	907939	L-kynurenine degradation	Pathway_907939_L-kynurenine degradation	0.0	0.0	4.416394131612069	0.0			ACMSD,AFMID,HAAO,IDO2,KYAT1	
Pathway	M39851	Eicosanoid metabolism via Cyclo Oxygenases (COX)	Pathway_M39851_Eicosanoid metabolism via Cyclo Oxygenases (COX)	0.0	0.0	0.0	4.4048745828004705				HPGD,PLA2G4A,PLA2G5,PTGDS,PTGES,PTGIR,PTGS1,TBXAS1
Pathway	MAP00360_Phenylalanine_metabolism	MAP00360 Phenylalanine metabolism	Pathway_MAP00360_Phenylalanine_metabolism_MAP00360 Phenylalanine metabolism	0.0	0.0	0.0	4.3526684177313255				ALDH3A1,ALDH3B2,DDC,HPD,MAOA,MAOB
Pathway	M5410	Arachidonic acid metabolism	Pathway_M5410_Arachidonic acid metabolism	0.0	0.0	0.0	4.329116394502049				CBR1,GGT6,GPX6,GPX7,LTC4S,PLA2G4A,PLA2G5,PTGDS,PTGES,PTGS1,TBXAS1
Pathway	1269625	The canonical retinoid cycle in rods (twilight vision)	Pathway_1269625_The canonical retinoid cycle in rods (twilight vision)	0.0	0.0	0.0	4.3233379215169885				ABCA4,CYP4V2,LRAT,RBP4,RDH11,RDH16,STRA6
Pathway	M5884	Ensemble of genes encoding core extracellular matrix including ECM glycoproteins, collagens and proteoglycans	Pathway_M5884_Ensemble of genes encoding core extracellular matrix including ECM glycoproteins, collagens and proteoglycans	0.0	0.0	0.0	4.314202806077101				ADIPOQ,ASPN,DCN,DPT,EFEMP1,FBLN1,FBLN2,FGB,FGG,FGL1,FN1,IGFALS,IGFBP1,LAMA4,LAMB1,LUM,MFAP2,MFAP5,NPNT,OGN,PCOLCE2,POSTN,SLIT2,SPARCL1,SPP1,SRPX2,TGFBI,THSD4
Pathway	M16894	Complement and coagulation cascades	Pathway_M16894_Complement and coagulation cascades	0.0	0.0	0.0	4.279383017101804				C2,C3,C3AR1,C8A,CFD,CFI,CPB2,FGB,FGG,PLAT,SERPING1,TFPI
Pathway	82960	Phenylalanine metabolism	Pathway_82960_Phenylalanine metabolism	0.0	0.0	0.0	4.180418695803088				ALDH3A1,ALDH3B2,DDC,HPD,MAOA,MAOB
Pathway	1270244	Extracellular matrix organization	Pathway_1270244_Extracellular matrix organization	0.0	0.0	0.0	4.0912066100940185				ADAMTS5,ASPN,BMP1,CAPN6,CASK,CEACAM1,CTSK,DCN,DDR2,EFEMP1,FBLN1,FBLN2,FGB,FGG,FN1,ITGA1,JAM2,LAMA4,LAMB1,LUM,MFAP2,MFAP5,MMP2,NCAM1,P3H2,PCOLCE2,SPP1,TGFB2,TIMP2
Pathway	1269923	Transport of glucose and other sugars, bile salts and organic acids, metal ions and amine compounds	Pathway_1269923_Transport of glucose and other sugars, bile salts and organic acids, metal ions and amine compounds	0.0	0.0	4.082462469772658	0.0			SLC16A1,SLC18A1,SLC22A12,SLC22A18,SLC22A2,SLC22A6,SLC30A1,SLC30A2,SLC30A5,SLC39A14,SLC44A4,SLC47A1,SLC6A15,SLC6A9	
Pathway	M39475	Myometrial Relaxation and Contraction Pathways	Pathway_M39475_Myometrial Relaxation and Contraction Pathways	0.0	0.0	0.0	4.044543458639254				ACTA2,ADCY1,CNN1,GABPB1,GNB5,GNG11,GNG2,GPR182,GSTO1,GUCA2A,GUCY1A1,IGFBP1,ITPR2,LPAR1,PRKAR1B,PRKAR2B,PRKCQ,RGS3,RGS5
Pathway	1270060	Synthesis of PC	Pathway_1270060_Synthesis of PC	0.0	0.0	4.042665618331448	0.0			ABHD3,CHPT1,LPIN1,MFSD2A,PCTP,SLC44A4,STARD10	
Pathway	SMP00074	Retinol Metabolism	Pathway_SMP00074_Retinol Metabolism	0.0	0.0	0.0	4.021119605885573				ALDH1A1,ALDH1A2,DHRS3,LRAT,RDH11,RDH16
Pathway	M16650	Phenylalanine metabolism	Pathway_M16650_Phenylalanine metabolism	0.0	0.0	0.0	4.021119605885573				ALDH3A1,ALDH3B2,DDC,HPD,MAOA,MAOB
Pathway	PW:0000027	glutamate metabolic	Pathway_PW:0000027_glutamate metabolic	0.0	0.0	4.000512327763076	0.0			GCLC,GCLM,GLS,GPT,GSS	
Pathway	1270166	Tryptophan catabolism	Pathway_1270166_Tryptophan catabolism	0.0	0.0	4.000512327763076	0.0			ACMSD,AFMID,HAAO,IDO2,KYAT1	
Pathway	82952	Valine, leucine and isoleucine degradation	Pathway_82952_Valine, leucine and isoleucine degradation	0.0	0.0	3.9857907923760143	0.0			AACS,ACADS,ACAT1,AGXT2,ALDH3A2,ALDH9A1,BCAT1,EHHADH,HMGCS1	
Pathway	M39832	Glycosaminoglycan degradation	Pathway_M39832_Glycosaminoglycan degradation	0.0	3.9448591619977864	0.0	0.0		ARSB,GALNS,GLB1,GUSB		
Pathway	1270101	Integration of energy metabolism	Pathway_1270101_Integration of energy metabolism	0.0	0.0	0.0	3.876761006903043				ACACA,ACACB,ADCY1,ADIPOQ,FASN,GNB5,GNG11,GNG2,ITPR2,KCNB1,MARCKS,PRKAR1B,PRKAR2B,STXBP1,TKT
Pathway	MAP00590_Prostaglandin_and_leukotriene_metabolism	MAP00590 Prostaglandin and leukotriene metabolism	Pathway_MAP00590_Prostaglandin_and_leukotriene_metabolism_MAP00590 Prostaglandin and leukotriene metabolism	0.0	0.0	0.0	3.8730870652857745				CBR1,PLA2G4A,PLA2G5,PTGDS,PTGS1,TBXAS1
Pathway	SMP00196	Leigh Syndrome	Pathway_SMP00196_Leigh Syndrome	0.0	3.8409946620853903	0.0	0.0		ACAT1,ACOT12,ACSS2,LDHD		
Pathway	SMP00060	Pyruvate Metabolism	Pathway_SMP00060_Pyruvate Metabolism	0.0	3.8409946620853903	0.0	0.0		ACAT1,ACOT12,ACSS2,LDHD		
Pathway	1270154	Nicotinate metabolism	Pathway_1270154_Nicotinate metabolism	0.0	0.0	3.837544989365067	0.0			NADK,NT5E,NUDT12,PARP10,PARP8,QPRT,SLC5A8	
Pathway	PW:0000153	glycerolipid metabolic	Pathway_PW:0000153_glycerolipid metabolic	0.0	0.0	3.837544989365067	0.0			AKR1A1,ALDH3A2,ALDH9A1,CPT2,CROT,DGKG,LPL	
Pathway	142385	tryptophan degradation	Pathway_142385_tryptophan degradation	0.0	0.0	3.8042787081193667	0.0			ACMSD,AFMID,HAAO,IDO2	
Pathway	1269623	Visual phototransduction	Pathway_1269623_Visual phototransduction	0.0	0.0	0.0	3.7752042608371275				ABCA4,APOE,CYP4V2,DHRS3,GNB5,GPC1,GPC3,LDLR,LRAT,PRKCQ,RBP4,RDH11,RDH16,STRA6
Pathway	M2551	Arginine and proline metabolism	Pathway_M2551_Arginine and proline metabolism	3.7672247333568367	0.0	0.0	0.0	ALDH1B1,ARG2,MAOA,OAT,PRODH2			
Pathway	82933	Fatty acid biosynthesis	Pathway_82933_Fatty acid biosynthesis	0.0	0.0	0.0	3.7596169760370324				ACACA,ACACB,ACSL1,ACSL5,FASN
Pathway	82981	Glycosaminoglycan degradation	Pathway_82981_Glycosaminoglycan degradation	0.0	3.7436097699073523	0.0	0.0		ARSB,GALNS,GLB1,GUSB		
Pathway	413376	Chondroitin sulfate degradation	Pathway_413376_Chondroitin sulfate degradation	0.0	3.713146931774592	0.0	0.0		ARSB,GALNS,GUSB		
Pathway	83073	Complement and coagulation cascades	Pathway_83073_Complement and coagulation cascades	0.0	0.0	0.0	3.6935851519965057				C2,C3,C3AR1,C8A,CFD,CFI,CPB2,FGB,FGG,PLAT,SERPING1,TFPI
Pathway	1268714	Asparagine N-linked glycosylation	Pathway_1268714_Asparagine N-linked glycosylation	0.0	0.0	3.687392956212114	0.0			ALG3,AMDHD2,ARFGAP3,B4GALT1,B4GALT5,CD55,CMAS,DERL1,DHDDS,DYNC1LI1,EDEM1,FOLR1,GLB1,MAN1A1,MLEC,MVD,NEU1,PREB,PRKCSH,SEC24A,ST3GAL3,ST8SIA1,SYVN1,UAP1,VCP	
Pathway	M39710	Trans-sulfuration and one carbon metabolism	Pathway_M39710_Trans-sulfuration and one carbon metabolism	0.0	0.0	3.6493958520476024	0.0			AHCY,CBS,DHFR,GCLC,GCLM,GSS,SHMT2	
Pathway	MAP00120_Bile_acid_biosynthesis	MAP00120 Bile acid biosynthesis	Pathway_MAP00120_Bile_acid_biosynthesis_MAP00120 Bile acid biosynthesis	0.0	0.0	3.6442752102757274	0.0			ADH1A,AKR1D1,ALDH3A2,CYP27A1,SRD5A1,SRD5A2	
Pathway	M39762	Lipid Metabolism Pathway	Pathway_M39762_Lipid Metabolism Pathway	0.0	0.0	0.0	3.6218799553834504				ACACA,FASN,LIPE,PLIN1,PNPLA2,PRKAR1B,PRKAR2B
Pathway	545337	putrescine degradation III	Pathway_545337_putrescine degradation III	0.0	0.0	0.0	3.606993395588707				ALDH3A1,ALDH3B2,MAOA,MAOB
Pathway	SMP00102	Bromfenac Pathway	Pathway_SMP00102_Bromfenac Pathway	0.0	0.0	0.0	3.606993395588707				PLA2G4A,PTGDS,PTGES,PTGS1
Pathway	545295	retinoate biosynthesis I	Pathway_545295_retinoate biosynthesis I	0.0	0.0	0.0	3.606993395588707				ALDH1A1,ALDH1A2,RBP4,RDH16
Pathway	1270040	Bile acid and bile salt metabolism	Pathway_1270040_Bile acid and bile salt metabolism	0.0	0.0	3.576917532793317	0.0			AKR1D1,AMACR,CYP27A1,CYP7B1,NR1H4,OSBPL9,SLC10A1,SLC27A2	
Pathway	M3624	Glycosaminoglycan degradation	Pathway_M3624_Glycosaminoglycan degradation	0.0	3.565476690356661	0.0	0.0		ARSB,GALNS,GLB1,GUSB		
Pathway	M39649	Complement and Coagulation Cascades	Pathway_M39649_Complement and Coagulation Cascades	0.0	0.0	0.0	3.563499335456384				C2,C3,C3AR1,CFD,CFI,CPB2,FGB,PLAT,SERPING1,TFPI
Pathway	M39810	Gamma-Glutamyl Cycle for the biosynthesis and degradation of glutathione, including diseases	Pathway_M39810_Gamma-Glutamyl Cycle for the biosynthesis and degradation of glutathione, including diseases	0.0	0.0	3.5629793456506933	0.0			GCLC,GGCT,GGT1,GSS	
Pathway	1270183	Degradation of cysteine and homocysteine	Pathway_1270183_Degradation of cysteine and homocysteine	0.0	3.54203950531696	0.0	0.0		CSAD,ETHE1,TST		
Pathway	SMP00037	Lysine Degradation	Pathway_SMP00037_Lysine Degradation	0.0	3.54203950531696	0.0	0.0		AASS,ACAT1,PIPOX		
Pathway	SMP00186	Glutaric Aciduria Type III	Pathway_SMP00186_Glutaric Aciduria Type III	0.0	3.54203950531696	0.0	0.0		AASS,ACAT1,PIPOX		
Pathway	M11355	Tight junction	Pathway_M11355_Tight junction	0.0	0.0	0.0	3.5373178934306444				AMOTL1,CASK,CLDN1,CLDN15,CLDN19,EPB41L2,EPB41L3,JAM2,MAGI3,MAP3K20,MRAS,MYH10,MYH11,MYL9,PRKCQ,RAB13
Pathway	1270042	Synthesis of bile acids and bile salts via 7alpha-hydroxycholesterol	Pathway_1270042_Synthesis of bile acids and bile salts via 7alpha-hydroxycholesterol	0.0	0.0	3.534167568056733	0.0			AKR1D1,AMACR,CYP27A1,CYP7B1,NR1H4,SLC27A2	
Pathway	M19895	Nicotinate and nicotinamide metabolism	Pathway_M19895_Nicotinate and nicotinamide metabolism	0.0	0.0	3.534167568056733	0.0			NADK,NT5C3A,NT5E,NUDT12,PNP,QPRT	
Pathway	M5889	Ensemble of genes encoding extracellular matrix and extracellular matrix-associated proteins 	Pathway_M5889_Ensemble of genes encoding extracellular matrix and extracellular matrix-associated proteins 	0.0	0.0	0.0	3.533699122715749				ADAMTS5,ADIPOQ,ANGPT1,ANGPT2,ANGPTL3,ANXA2,ANXA6,ANXA8,ASPN,BMP1,C1QTNF2,C1QTNF6,CLEC14A,CTSE,CTSK,DCN,DPT,EFEMP1,EMCN,FBLN1,FBLN2,FGB,FGG,FGL1,FN1,FREM2,FST,FSTL1,GPC1,GPC3,HGFAC,IGF1,IGFALS,IGFBP1,LAMA4,LAMB1,LUM,MEGF9,MFAP2,MFAP5,MMP2,NPNT,NRG4,NTF3,OGN,P3H2,PAPPA,PARM1,PCOLCE2,PLAT,POSTN,S100A13,S100A6,SEMA3D,SEMA5A,SERPING1,SFRP4,SLIT2,SPARCL1,SPP1,SRPX2,TGFB2,TGFBI,THSD4,TIMP2,TNFSF15,TNFSF9,VEGFD,WNT5A,WNT5B
Pathway	M7528	Pantothenate and CoA biosynthesis	Pathway_M7528_Pantothenate and CoA biosynthesis	0.0	0.0	3.513282550143989	0.0			BCAT1,COASY,PANK1,PPCS,VNN1	
Pathway	M39440	Fatty Acid Biosynthesis	Pathway_M39440_Fatty Acid Biosynthesis	0.0	0.0	0.0	3.4839995431460022				ACACA,ACACB,ACSL1,ACSL5,FASN,SCD
Pathway	1270041	Synthesis of bile acids and bile salts	Pathway_1270041_Synthesis of bile acids and bile salts	0.0	0.0	3.4759140415107224	0.0			AKR1D1,AMACR,CYP27A1,CYP7B1,NR1H4,OSBPL9,SLC27A2	
Pathway	989139	AMPK signaling pathway	Pathway_989139_AMPK signaling pathway	0.0	0.0	0.0	3.4579145670655977				ACACA,ACACB,ADIPOQ,EEF2K,EIF4EBP1,FASN,FBP2,IGF1,LEPR,LIPE,PFKFB3,PPARG,PPARGC1A,SCD,SCD5
Pathway	167325	Protein processing in endoplasmic reticulum	Pathway_167325_Protein processing in endoplasmic reticulum	0.0	0.0	3.4408209095975684	0.0			DERL1,DNAJA1,DNAJB1,DNAJB11,EDEM1,ERO1A,HSP90AA1,HSP90AB1,HYOU1,MAN1A1,PLAA,PREB,PRKCSH,SEC24A,SYVN1,VCP,XBP1	
Pathway	83026	Sulfur metabolism	Pathway_83026_Sulfur metabolism	0.0	3.3921177316005573	0.0	0.0		CYCS,ETHE1,TST		
Pathway	M39754	Oxysterols derived from cholesterol	Pathway_M39754_Oxysterols derived from cholesterol	0.0	0.0	3.367604577499214	0.0			ACOT12,AKR1D1,AMACR,CYP27A1,CYP7B1,EPHX2,ESR1,SLC27A2	
Pathway	M39324	Trans-sulfuration pathway	Pathway_M39324_Trans-sulfuration pathway	0.0	0.0	3.3550844756820157	0.0			AHCY,CBS,CSAD,GCLM	
Pathway	M18155	Insulin signaling pathway	Pathway_M18155_Insulin signaling pathway	0.0	0.0	0.0	3.353599573034718				ACACA,ACACB,EIF4EBP1,FASN,FBP2,HK2,LIPE,PDE3A,PDE3B,PPARGC1A,PPP1R3B,PRKAR1B,PRKAR2B,PYGB,PYGL,PYGM
Pathway	1270045	Recycling of bile acids and salts	Pathway_1270045_Recycling of bile acids and salts	3.3431702962546086	0.0	0.0	0.0	ABCC3,ALB,BAAT			
Pathway	1492886	Apelin signaling pathway	Pathway_1492886_Apelin signaling pathway	0.0	0.0	0.0	3.3181191149524603				ACTA2,ADCY1,APLN,GNB5,GNG11,GNG2,ITPR2,LIPE,MRAS,PDE3B,PLAT,PLCB4,PLIN1,PPARGC1A,SMAD3,SPP1
Pathway	MAP00330_Arginine_and_proline_metabolism	MAP00330 Arginine and proline metabolism	Pathway_MAP00330_Arginine_and_proline_metabolism_MAP00330 Arginine and proline metabolism	3.3176968394154063	0.0	0.0	0.0	ALDH1B1,ARG2,MAOA,OAT			
Pathway	M39391	Deregulation of Rab and Rab Effector Genes in Bladder Cancer	Pathway_M39391_Deregulation of Rab and Rab Effector Genes in Bladder Cancer	0.0	0.0	0.0	3.277894231214168				RAB27A,RAB27B,SYTL2,SYTL3,SYTL4
Pathway	1269907	SLC-mediated transmembrane transport	Pathway_1269907_SLC-mediated transmembrane transport	0.0	0.0	3.2597496403257673	0.0			SLC12A6,SLC16A1,SLC17A1,SLC18A1,SLC1A1,SLC1A4,SLC20A1,SLC22A12,SLC22A18,SLC22A2,SLC22A6,SLC30A1,SLC30A2,SLC30A5,SLC33A1,SLC35D2,SLC39A14,SLC44A4,SLC47A1,SLC5A8,SLC6A15,SLC6A9,SLCO3A1,SLCO4C1	
Pathway	M39333	White fat cell differentiation	Pathway_M39333_White fat cell differentiation	0.0	0.0	0.0	3.2526384132746844				EBF1,GATA2,GATA3,KLF5,MECOM,PPARG,TCF7L1
Pathway	83015	Pantothenate and CoA biosynthesis	Pathway_83015_Pantothenate and CoA biosynthesis	0.0	0.0	3.2495954384990107	0.0			BCAT1,COASY,PANK1,PPCS,VNN1	
Pathway	M11266	Lysosome	Pathway_M11266_Lysosome	0.0	3.2342524179001426	0.0	0.0		ARSB,ARSG,GALNS,GLB1,GUSB,NAPSA,NEU1,PPT2		
Pathway	99052	Lysosome	Pathway_99052_Lysosome	0.0	3.187007631857337	0.0	0.0		ARSB,ARSG,GALNS,GLB1,GUSB,NAPSA,NEU1,PPT2		
Pathway	M9387	Vascular smooth muscle contraction	Pathway_M9387_Vascular smooth muscle contraction	0.0	0.0	0.0	3.1849929198997633				ACTA2,ACTG2,ADCY1,GUCY1A1,IRAG1,ITPR2,MYH11,MYL9,NPR2,PLA2G4A,PLA2G5,PLCB4,PRKCQ,PTGIR
Pathway	142215	NAD de novo biosynthesis	Pathway_142215_NAD de novo biosynthesis	0.0	0.0	3.172724304370326	0.0			AFMID,HAAO,IDO2,QPRT	
Pathway	M18	Beta1 integrin cell surface interactions	Pathway_M18_Beta1 integrin cell surface interactions	0.0	0.0	0.0	3.160256491390441				FGB,FGG,FN1,ITGA1,JAM2,LAMA4,LAMB1,NPNT,SPP1,TGFBI
Pathway	1404797	Platinum drug resistance	Pathway_1404797_Platinum drug resistance	3.1542920001902632	0.0	0.0	0.0	GSTA2,GSTA4,GSTA5,GSTO1,MGST1			
Pathway	1269373	Cell surface interactions at the vascular wall	Pathway_1269373_Cell surface interactions at the vascular wall	0.0	0.0	0.0	3.1466804658423317				ANGPT1,ANGPT2,CAV1,CEACAM1,EPCAM,FN1,FYN,GPC1,GYPC,JAM2,JCHAIN,SLC7A6,SLC7A7,SLC7A8,SLC7A9,TSPAN7
Pathway	83002	Glyoxylate and dicarboxylate metabolism	Pathway_83002_Glyoxylate and dicarboxylate metabolism	0.0	0.0	3.1463657293380654	0.0			ACAT1,AFMID,GLYCTK,GRHPR,HYI,SHMT2	
Pathway	83025	Nitrogen metabolism	Pathway_83025_Nitrogen metabolism	0.0	0.0	0.0	3.1429157680057016				CA13,CA3,CA5A,CA8,GLUL
Pathway	MAP00650_Butanoate_metabolism	MAP00650 Butanoate metabolism	Pathway_MAP00650_Butanoate_metabolism_MAP00650 Butanoate metabolism	0.0	0.0	3.131402458812397	0.0			ACADS,ACAT1,ALDH3A2,EHHADH,HMGCS1	
Pathway	M39385	Selenium Micronutrient Network	Pathway_M39385_Selenium Micronutrient Network	0.0	0.0	0.0	3.117188531874357				ABCA1,ALB,DIO1,FGB,FGG,GPX6,KYNU,LDLR,PLAT,PTGS1,SELENOW,XDH
Pathway	1108768	fatty acid biosynthesis initiation	Pathway_1108768_fatty acid biosynthesis initiation	0.0	0.0	0.0	3.0703107564109997				ACACA,ACACB,FASN
Pathway	782000	Proteoglycans in cancer	Pathway_782000_Proteoglycans in cancer	0.0	0.0	0.0	3.066905201118104				ANK2,CAV1,DCN,ERBB2,ERBB4,FN1,FZD3,GPC1,GPC3,HOXD10,HSPB2,IGF1,ITPR2,LUM,MMP2,MRAS,PLCE1,TGFB2,WNT5A,WNT5B
Pathway	83014	Nicotinate and nicotinamide metabolism	Pathway_83014_Nicotinate and nicotinamide metabolism	0.0	0.0	3.060467917961695	0.0			NADK,NT5C3A,NT5E,NUDT12,PNP,QPRT	
Pathway	1510435	Ferroptosis	Pathway_1510435_Ferroptosis	0.0	0.0	3.0264287953527074	0.0			FTH1,GCLC,GCLM,GSS,HMOX1,SLC39A14,TFRC	
Pathway	M39768	Ferroptosis	Pathway_M39768_Ferroptosis	0.0	0.0	3.0264287953527074	0.0			FTH1,GCLC,GCLM,GSS,HMOX1,SLC39A14,TFRC	
Pathway	1269870	Smooth Muscle Contraction	Pathway_1269870_Smooth Muscle Contraction	0.0	0.0	0.0	3.0126180134780873				ACTA2,ACTG2,ANXA2,ANXA6,ITGA1,MYH11,MYL9
Pathway	SMP00048	Nicotinate and Nicotinamide Metabolism	Pathway_SMP00048_Nicotinate and Nicotinamide Metabolism	0.0	0.0	3.010547968443253	0.0			NADK,NUDT12,PNP,QPRT	
Pathway	1270141	Pyrimidine catabolism	Pathway_1270141_Pyrimidine catabolism	0.0	0.0	3.010547968443253	0.0			AGXT2,NT5C3A,NT5E,UPP2	
Pathway	M39570	Amino Acid metabolism	Pathway_M39570_Amino Acid metabolism	0.0	0.0	2.9987108342947257	0.0			BCAT1,CBS,EHHADH,FAH,FARSB,FTCD,GCLM,GLS,GSS,LDHA,ODC1	
Pathway	142418	triacylglycerol degradation	Pathway_142418_triacylglycerol degradation	0.0	0.0	0.0	2.980742735566801				ABHD6,LIPE,MGLL,PNPLA2
Pathway	M5576	Phospholipase C-epsilon pathway	Pathway_M5576_Phospholipase C-epsilon pathway	0.0	0.0	0.0	2.980742735566801				ADCY1,PLCE1,PRKAR1B,PRKAR2B
Pathway	1268715	Biosynthesis of the N-glycan precursor (dolichol lipid-linked oligosaccharide, LLO) and transfer to a nascent protein	Pathway_1268715_Biosynthesis of the N-glycan precursor (dolichol lipid-linked oligosaccharide, LLO) and transfer to a nascent protein	0.0	0.0	2.972355119904989	0.0			ALG3,AMDHD2,CMAS,DHDDS,GLB1,MVD,NEU1,ST3GAL3,ST8SIA1,UAP1	
Pathway	1270062	Acyl chain remodelling of PC	Pathway_1270062_Acyl chain remodelling of PC	0.0	0.0	0.0	2.9689492335069616				MBOAT2,PLA2G4A,PLA2G5,PLAAT3,PLBD1,TMEM86B
Pathway	96530	Vascular smooth muscle contraction	Pathway_96530_Vascular smooth muscle contraction	0.0	0.0	0.0	2.9646352672509795				ACTA2,ACTG2,ADCY1,GUCY1A1,IRAG1,ITPR2,MYH11,MYL9,NPR2,PLA2G4A,PLA2G5,PLCB4,PRKCQ,PTGIR
Pathway	M39791	Thyroid hormones production and their peripheral downstream signalling effects	Pathway_M39791_Thyroid hormones production and their peripheral downstream signalling effects	0.0	0.0	0.0	2.949427344764957				DIO1,ITPR2,MGLL,NHSL1,PLIN1,PNPLA2,PPARG,PPARGC1A,PRKCQ,TBC1D4,TRH,TSHR
Pathway	M39615	Aryl Hydrocarbon Receptor Pathway	Pathway_M39615_Aryl Hydrocarbon Receptor Pathway	2.9291766441078178	0.0	0.0	0.0	CYP1A1,GSTA2,MGST1,MYOF			
Pathway	1269984	Chondroitin sulfate/dermatan sulfate metabolism	Pathway_1269984_Chondroitin sulfate/dermatan sulfate metabolism	0.0	2.913023798842613	0.0	0.0		ARSB,CHST11,CHST7,CSGALNACT1,SDC2		
Pathway	M39679	SREBF and miR33 in cholesterol and lipid homeostasis	Pathway_M39679_SREBF and miR33 in cholesterol and lipid homeostasis	0.0	0.0	0.0	2.901481682073104				ABCA1,FASN,LDLR,PPARGC1A,SCD
Pathway	1269144	Uptake and actions of bacterial toxins	Pathway_1269144_Uptake and actions of bacterial toxins	0.0	0.0	2.899644816885566	0.0			HBEGF,HSP90AA1,HSP90AB1,MAP2K6,PDZD3,TXNRD1	
Pathway	PW:0000039	bile acid biosynthetic	Pathway_PW:0000039_bile acid biosynthetic	0.0	0.0	2.8647423537225163	0.0			ALDH3A2,ALDH9A1,SRD5A1,SRD5A2	
Pathway	M39777	Disorders of Folate Metabolism and Transport	Pathway_M39777_Disorders of Folate Metabolism and Transport	0.0	0.0	2.8647423537225163	0.0			DHFR,FOLR1,FTCD,SHMT2	
Pathway	PW:0000064	propanoate metabolic	Pathway_PW:0000064_propanoate metabolic	0.0	0.0	2.8647423537225163	0.0			ACAT1,ALDH3A2,ALDH9A1,LDHA	
Pathway	PW:0000054	tryptophan metabolic	Pathway_PW:0000054_tryptophan metabolic	2.864659308928243	0.0	0.0	0.0	AADAT,CYP1A1,KYNU			
Pathway	83090	Insulin signaling pathway	Pathway_83090_Insulin signaling pathway	0.0	0.0	0.0	2.856616963143833				ACACA,ACACB,EIF4EBP1,FASN,FBP2,HK2,LIPE,PDE3B,PPARGC1A,PPP1R3B,PRKAR1B,PRKAR2B,PYGB,PYGL,PYGM
Pathway	1270030	PPARA activates gene expression	Pathway_1270030_PPARA activates gene expression	0.0	0.0	2.8548830300299795	0.0			ACOX1,ALAS1,ANGPTL4,CD36,CPT2,HMGCS1,ME1,MED21,MED28,NR1H4,RGL1,TIAM2,TXNRD1	
Pathway	1457780	Neutrophil degranulation	Pathway_1457780_Neutrophil degranulation	0.0	0.0	2.8494191323127196	0.0			APEH,ARSB,ATP11A,B4GALT1,CD36,CD55,CDA,CMTM6,CPPED1,CYB5R3,DYNC1LI1,FTH1,FUCA2,GALNS,GHDC,GLB1,GUSB,HSP90AA1,HSP90AB1,MLEC,NEU1,OLFM4,PIGR,PNP,PRCP,PSAP,PSEN1,SLC27A2,SLCO4C1,TMEM30A,TTR,TUBB4B,VCP,VNN1	
Pathway	M14933	Steroid hormone biosynthesis	Pathway_M14933_Steroid hormone biosynthesis	0.0	0.0	2.8356704886019144	0.0			AKR1D1,COMT,CYP7B1,HSD11B1,HSD17B2,HSD3B2,SRD5A1,SRD5A2	
Pathway	835392	superpathway of tryptophan utilization	Pathway_835392_superpathway of tryptophan utilization	0.0	0.0	2.824204259113748	0.0			ACMSD,AFMID,AKR1A1,HAAO,IDO2,QPRT	
Pathway	M2842	Fibrinolysis Pathway	Pathway_M2842_Fibrinolysis Pathway	0.0	0.0	0.0	2.8203230339985796				CPB2,FGB,FGG,PLAT
Pathway	1270115	Metabolism of nitric oxide	Pathway_1270115_Metabolism of nitric oxide	0.0	0.0	2.8195979957163404	0.0			DDAH1,DHFR,HSP90AA1,LYPLA1,SPR	
Pathway	1270116	eNOS activation and regulation	Pathway_1270116_eNOS activation and regulation	0.0	0.0	2.8195979957163404	0.0			DDAH1,DHFR,HSP90AA1,LYPLA1,SPR	
Pathway	MAP00480_Glutathione_metabolism	MAP00480 Glutathione metabolism	Pathway_MAP00480_Glutathione_metabolism_MAP00480 Glutathione metabolism	0.0	0.0	2.8195979957163404	0.0			GCLC,GCLM,GGT1,GPX1,GSS	
Pathway	M39388	Glutathione metabolism	Pathway_M39388_Glutathione metabolism	0.0	0.0	2.8195979957163404	0.0			GCLC,GCLM,GGT1,GPX1,GSS	
Pathway	SMP00075	Arachidonic Acid Metabolism	Pathway_SMP00075_Arachidonic Acid Metabolism	0.0	0.0	0.0	2.7927740489549846				CBR1,GGT6,GPX6,LTC4S,PTGS1
Pathway	M13720	Lysine degradation	Pathway_M13720_Lysine degradation	0.0	0.0	2.77352385650093	0.0			AASS,ACAT1,ALDH3A2,ALDH9A1,EHHADH,PIPOX,PLOD2	
Pathway	M11835	Valine, leucine and isoleucine degradation	Pathway_M11835_Valine, leucine and isoleucine degradation	0.0	0.0	2.77352385650093	0.0			ACADS,ACAT1,ALDH3A2,ALDH9A1,BCAT1,EHHADH,HMGCS1	
Pathway	M39554	Vitamin A and Carotenoid Metabolism	Pathway_M39554_Vitamin A and Carotenoid Metabolism	0.0	0.0	2.77352385650093	0.0			ADH1A,BCO2,CD36,CYP2E1,LPL,RDH10,RDH5	
Pathway	1270190	Phase 1 - Functionalization of compounds	Pathway_1270190_Phase 1 - Functionalization of compounds	0.0	2.7733782617032006	0.0	0.0		ACSS2,ADH1A,CYB5R3,CYP2E1,CYP4B1,CYP7B1,NR1H4		
Pathway	1270029	Regulation of lipid metabolism by Peroxisome proliferator-activated receptor alpha (PPARalpha)	Pathway_1270029_Regulation of lipid metabolism by Peroxisome proliferator-activated receptor alpha (PPARalpha)	0.0	0.0	2.760216033664199	0.0			ACOX1,ALAS1,ANGPTL4,CD36,CPT2,HMGCS1,ME1,MED21,MED28,NR1H4,RGL1,TIAM2,TXNRD1	
Pathway	82934	Fatty acid elongation	Pathway_82934_Fatty acid elongation	2.757286350845695	0.0	0.0	0.0	ACOT7,ELOVL2,ELOVL6			
Pathway	M17844	Other glycan degradation	Pathway_M17844_Other glycan degradation	0.0	2.7529148880987098	0.0	0.0		FUCA2,GLB1,NEU1		
Pathway	1269936	Organic cation/anion/zwitterion transport	Pathway_1269936_Organic cation/anion/zwitterion transport	0.0	2.7529148880987098	0.0	0.0		SLC22A12,SLC22A2,SLC22A6		
Pathway	545279	chondroitin sulfate biosynthesis	Pathway_545279_chondroitin sulfate biosynthesis	0.0	2.7529148880987098	0.0	0.0		CHST11,CHST7,CSGALNACT1		
Pathway	M4086	Propanoate metabolism	Pathway_M4086_Propanoate metabolism	0.0	0.0	2.751777888444988	0.0			ACAT1,ACSS2,ALDH3A2,ALDH9A1,EHHADH,LDHA	
Pathway	1383070	TP53 regulates transcription of several additional cell death genes whose specific roles in p53-dependent apoptosis remain uncertain	Pathway_1383070_TP53 regulates transcription of several additional cell death genes whose specific roles in p53-dependent apoptosis remain uncertain	0.0	0.0	2.7324897056546096	0.0			NDRG1,PERP,PPP1R13B,RABGGTA	
Pathway	1270043	Synthesis of bile acids and bile salts via 24-hydroxycholesterol	Pathway_1270043_Synthesis of bile acids and bile salts via 24-hydroxycholesterol	0.0	0.0	2.7324897056546096	0.0			AKR1D1,AMACR,CYP27A1,SLC27A2	
Pathway	M40055	Kynurenine Pathway and links to Cellular Senescence	Pathway_M40055_Kynurenine Pathway and links to Cellular Senescence	0.0	0.0	2.7275146061313924	0.0			ACMSD,AFMID,HAAO,IDO2,QPRT	
Pathway	M39709	Photodynamic therapy-induced NFE2L2 (NRF2) survival signaling	Pathway_M39709_Photodynamic therapy-induced NFE2L2 (NRF2) survival signaling	0.0	0.0	2.7275146061313924	0.0			ABCC2,GCLC,GCLM,HMOX1,MAPK13	
Pathway	1269631	RA biosynthesis pathway	Pathway_1269631_RA biosynthesis pathway	0.0	0.0	2.7275146061313924	0.0			ADH1A,ALDH8A1,DHRS4,RDH10,RDH5	
Pathway	142383	tryptophan degradation to 2-amino-3-carboxymuconate semialdehyde	Pathway_142383_tryptophan degradation to 2-amino-3-carboxymuconate semialdehyde	0.0	0.0	2.7023161541107554	0.0			AFMID,HAAO,IDO2	
Pathway	1269932	Zinc efflux and compartmentalization by the SLC30 family	Pathway_1269932_Zinc efflux and compartmentalization by the SLC30 family	0.0	0.0	2.7023161541107554	0.0			SLC30A1,SLC30A2,SLC30A5	
Pathway	SMP00123	Betaine Metabolism	Pathway_SMP00123_Betaine Metabolism	0.0	0.0	2.7023161541107554	0.0			AHCY,ALDH9A1,CHDH	
Pathway	413397	Coenzyme A biosynthesis, pantothenate => CoA	Pathway_413397_Coenzyme A biosynthesis, pantothenate => CoA	0.0	0.0	2.7023161541107554	0.0			COASY,PANK1,PPCS	
Pathway	M39812	Proximal tubule transport	Pathway_M39812_Proximal tubule transport	0.0	2.6992665024843547	0.0	0.0		CA4,SLC22A2,SLC22A6,SLC47A1,SLC5A8		
Pathway	M39863	Sphingolipid Metabolism (general overview)	Pathway_M39863_Sphingolipid Metabolism (general overview)	0.0	0.0	2.6404134653336704	0.0			DEGS2,SGPP1,SPTLC2,UGCG,UGT8	
Pathway	82986	Glycerolipid metabolism	Pathway_82986_Glycerolipid metabolism	0.0	0.0	2.6359889951507554	0.0			AKR1A1,ALDH3A2,ALDH9A1,DGKG,GLYCTK,LPIN1,LPL,MOGAT1	
Pathway	413378	Keratan sulfate degradation	Pathway_413378_Keratan sulfate degradation	0.0	2.6355797378772445	0.0	0.0		GALNS,GLB1		
Pathway	142307	oxidative ethanol degradation III	Pathway_142307_oxidative ethanol degradation III	0.0	2.6355797378772445	0.0	0.0		ACSS2,CYP2E1		
Pathway	1269938	Organic anion transport	Pathway_1269938_Organic anion transport	0.0	2.6355797378772445	0.0	0.0		SLC22A12,SLC22A6		
Pathway	1270184	Sulfide oxidation to sulfate	Pathway_1270184_Sulfide oxidation to sulfate	0.0	2.6355797378772445	0.0	0.0		ETHE1,TST		
Pathway	1270044	Synthesis of bile acids and bile salts via 27-hydroxycholesterol	Pathway_1270044_Synthesis of bile acids and bile salts via 27-hydroxycholesterol	0.0	0.0	2.6116465326791998	0.0			AKR1D1,CYP27A1,CYP7B1,NR1H4	
Pathway	1270424	Attenuation phase	Pathway_1270424_Attenuation phase	0.0	0.0	2.6116465326791998	0.0			DNAJB1,FKBP4,HSP90AA1,HSP90AB1	
Pathway	SMP00024	Porphyrin Metabolism	Pathway_SMP00024_Porphyrin Metabolism	0.0	0.0	2.6116465326791998	0.0			ALAS1,CPOX,GUSB,HMOX1	
Pathway	SMP00136	2-Hydroxyglutric Aciduria (D And L Form)	Pathway_SMP00136_2-Hydroxyglutric Aciduria (D And L Form)	0.0	0.0	2.6116465326791998	0.0			AACS,ACADS,ACAT1,HMGCS1	
Pathway	82976	Other glycan degradation	Pathway_82976_Other glycan degradation	0.0	2.599317733718939	0.0	0.0		FUCA2,GLB1,NEU1		
Pathway	M39653	Oxidation by Cytochrome P450	Pathway_M39653_Oxidation by Cytochrome P450	0.0	2.5404847658125926	0.0	0.0		CYB5A,CYB5R3,CYP2E1,CYP4B1,CYP7B1		
Pathway	M39411	Farnesoid X Receptor  Pathway	Pathway_M39411_Farnesoid X Receptor  Pathway	0.0	2.5296309913067625	0.0	0.0		FKBP5,NR1H4,SLC10A1		
Pathway	1268702	Gamma carboxylation, hypusine formation and arylsulfatase activation	Pathway_1268702_Gamma carboxylation, hypusine formation and arylsulfatase activation	0.0	2.521859448248541	0.0	0.0		ARSB,ARSG,PROC,PROZ		
Pathway	82982	Glycosaminoglycan biosynthesis - chondroitin sulfate / dermatan sulfate	Pathway_82982_Glycosaminoglycan biosynthesis - chondroitin sulfate / dermatan sulfate	0.0	2.4639930360216162	0.0	0.0		CHST11,CHST7,CSGALNACT1		
Pathway	1268717	Synthesis of Dolichyl-phosphate	Pathway_1268717_Synthesis of Dolichyl-phosphate	0.0	2.463936210761732	0.0	0.0		DHDDS,MVD		
Pathway	1270051	Estrogen biosynthesis	Pathway_1270051_Estrogen biosynthesis	0.0	2.463936210761732	0.0	0.0		HSD17B11,HSD17B2		
